3,Kerrill
4,Malissia
5,Benjamen
6,Celesta
7,Brand
8,Elizabet
9,Marthena
10,Harmonie
11,Zahara
12,Abbott
13,Gallard
14,Heather
15,Doll
16,Tybie
17,Ariadne
18,Harriett
19,Frederique
20,Rickey
21,Tiphany
22,Colline
23,Art
24,Enos
25,Berky
26,Tamas
27,Judd
28,Joanna
29,Darren
30,Meta
31,Morna
32,Brice
33,Winny
34,Birk
35,Tomasina
36,Mitchel
37,Stanislaw
38,Norman
39,Rriocard
40,Dennis
41,Emyle
42,Ariadne
43,Nata
44,Dani
45,Bendix
46,Xenia
47,Yovonnda
48,Urban
49,Fairlie
50,Bevin
51,Bernie
52,Leoline
53,Morgen
54,Pierette
55,Farly
56,Vikki
57,Enrica
58,Putnam
59,Rorie
60,Carce
61,Josy
62,Kort
63,Levey
64,Stirling
65,Enid
66,Sonny
67,Othilie
68,Virgina
69,Karly
70,Drucie
71,Stanwood
72,Danette
73,Ive
74,Guy
75,Billy
76,Syd
77,Michele
78,Frasier
79,Mitzi
80,Devonne
81,Lorne
82,Osbourne
83,Celina
84,Florry
85,Delmer
86,Andrea
87,Aldus
88,Waiter
89,Rutger
90,Carmela
91,Frankie
92,Germayne
93,Brunhilde
94,Shirlene
95,Emmi
96,Felecia
97,Clerkclaude
98,Rochette
99,Neila
100,Guillaume
